-- phpMyAdmin SQL Dump
-- version 3.5.2.2
-- http://www.phpmyadmin.net
--
-- Host: 127.0.0.1
-- Generation Time: Dec 19, 2013 at 10:44 PM
-- Server version: 5.5.27
-- PHP Version: 5.4.7

SET SQL_MODE="NO_AUTO_VALUE_ON_ZERO";
SET time_zone = "+00:00";


/*!40101 SET @OLD_CHARACTER_SET_CLIENT=@@CHARACTER_SET_CLIENT */;
/*!40101 SET @OLD_CHARACTER_SET_RESULTS=@@CHARACTER_SET_RESULTS */;
/*!40101 SET @OLD_COLLATION_CONNECTION=@@COLLATION_CONNECTION */;
/*!40101 SET NAMES utf8 */;

--
-- Database: `pet`
--

-- --------------------------------------------------------

--
-- Table structure for table `hewan`
--

CREATE TABLE IF NOT EXISTS `hewan` (
  `ID` int(11) NOT NULL AUTO_INCREMENT,
  `NAMA` varchar(20) NOT NULL,
  `PHOTO` varchar(50) NOT NULL,
  PRIMARY KEY (`ID`)
) ENGINE=InnoDB  DEFAULT CHARSET=latin1 AUTO_INCREMENT=6 ;

--
-- Dumping data for table `hewan`
--

INSERT INTO `hewan` (`ID`, `NAMA`, `PHOTO`) VALUES
(1, 'Dog', 'images/dog.png'),
(2, 'Cat', 'images/cat.png'),
(3, 'Hamster', 'images/hamster.png'),
(4, 'Koi', 'images/koi.jpg'),
(5, 'Pigeon', 'images/pigeon.jpg');

-- --------------------------------------------------------

--
-- Table structure for table `penyakit`
--

CREATE TABLE IF NOT EXISTS `penyakit` (
  `ID` int(11) NOT NULL AUTO_INCREMENT,
  `ID_HEWAN` varchar(11) NOT NULL,
  `NAMA` varchar(30) NOT NULL,
  `DESKRIPSI` text NOT NULL,
  `PHOTO` varchar(50) NOT NULL,
  PRIMARY KEY (`ID`)
) ENGINE=InnoDB  DEFAULT CHARSET=latin1 AUTO_INCREMENT=16 ;

--
-- Dumping data for table `penyakit`
--

INSERT INTO `penyakit` (`ID`, `ID_HEWAN`, `NAMA`, `DESKRIPSI`, `PHOTO`) VALUES
(3, '1', 'Distemper', '- Distemper adalah penyakit anjing yang sangat menular yang disebabkan oleh virus yang mirip dengan salah satu yang menyebabkan campak pada orang. \r\n\r\n- Insiden tertinggi penyakit ini terjadi pada anakan usia 6 sampai 12 minggu usia, di mana antibodi jatuh.\r\n\r\n-Penyakit ini paling parah pada anjing yang kurang gizi dan tak terawat.\r\nVirus distemper cenderung untuk menyerang sel-sel otak dan sel-sel yang melapisi permukaan tubuh, termasuk kulit, konjungtiva, selaput lendir saluran pernapasan dan saluran pencernaan. \r\n\r\n- Penyakit ini terjadi dalam berbagai bentuk. Infeksi sekunder dan komplikasi yang umum, sebagian disebabkan karena efek imunosupresif dari virus.\r\n\r\n- Tanda-tanda pertama dari distemper muncul enam sampai sembilan hari setelah paparan, dan dalam kasus-kasus ringan tidak diketahui.\r\n\r\n- Tahap pertama demam hingga 39,4 ° sampai 40,5 ° C ,\r\nlonjakan demam kedua disertai dengan hilangnya nafsu makan, lesu, dan keluarnya cairan encer dari mata dan hidung. \r\n\r\n- Pengobatan: \r\nDistemper sabikanya dirawat oleh dokter hewan. \r\nAntibiotik harus digunakan untuk mencegah infeksi bakteri sekunder meskipun mereka tidak berpengaruh pada virus distemper. \r\nPengobatan suportif termasuk cairan intravena untuk mengoreksi dehidrasi, obat-obatan untuk mencegah muntah dan diare dan antikonvulsan dan obat penenang untuk mengontrol kejang.\r\nHasilnya tergantung pada \r\n\r\n- Pencegahan: \r\nVaksinasi terhadap distemper hampir 100% melindungi. \r\n\r\nSemua anak-anak anjing harus divaksinasi usia 8 minggu. \r\nAnjing betina yang hamil harus diberikan DHPP (distemper, hepatitis, parvovirus, parainfluenza dan kombinasi) suntikan booster dua sampai empat minggu sebelum melahirkan. ', 'images/dos-distemper.jpg'),
(4, '1', 'Rabies', '- Rabies adalah penyakit anjing gila yang parah dan sering fatal, virus yang secara khusus mempengaruhi  sistem saraf pusat (SSP). \r\nCara utama virus rabies ditularkan adalah melalui gigitan atau air liur dari pembawa penyakit\r\nPartikel virus menular melalui air liur mereka.\r\nSetelah virus memasuki tubuh anjing, ia bereplikasi dalam sel-sel otot dan kemudian menyebar ke saraf terdekat, termasuk semua perangkat, saraf sensorik dan motorik, perjalanan dari sana ke SSP melalui cairan dalam saraf. Virus ini bisa memakan waktu hingga satu bulan untuk mengembangkan tapi setelah gejala mulai virus berkembang pesat.\r\nInfeksi ini dapat menular ke manusia. \r\n\r\n- Gejala dan Jenis Rabies:\r\n\r\nAda dua bentuk rabies: Lumpuh dan Gila. \r\nDalam tahap awal infeksi rabies, anjing akan menunjukkan tanda-tanda SSP kelainan yang ringan. Tahap ini akan berlangsung dari satu sampai tiga hari. Kebanyakan anjing kemudian akan maju ke salah satu tahap Gila, tahap Lumpuh, atau kombinasi dari dua, sementara yang lain menyerah dan pasrah pada infeksi tanpa menampilkan gejala apapun.\r\nRabies Gila ditandai oleh perubahan perilaku ekstrem termasuk agresi dan perilaku menyerang.\r\nRabies Lumpuh juga disebut sebagai rabies bodoh ditandai dengan kelemahan dan hilangnya koordinasi diikuti oleh kelumpuhan.\r\n\r\n\r\nBerikut ini adalah beberapa gejala yang harus diperhatikan pada anjing anda:\r\n\r\n• Demam\r\n• Kejang\r\n• Kelumpuhan\r\n• Hydrophobia\r\n• Geraham Jatuh\r\n• Ketidakmampuan untuk menelan\r\n• Perubahan nada kulit\r\n• kurangnya koordinasi otot\r\n• rasa malu yang tidak biasa atau agresi\r\n• rangsangan berlebihan\r\n• Konstan iritabilitas / perubahan sikap dan perilaku\r\n• air liur berlebihan (hipersalivasi), atau air liur berbusa\r\n\r\n- Pengobatan:\r\nJika anjing Anda telah divaksinasi rabies bawalah bukti vaksinasi. Jika ada yang datang ke dalam kontak dengan air liur anjing, atau digigit oleh anjing , sarankan mereka untuk menghubungi dokter segera untuk pengobatan. \r\nSayangnya, rabies selalu fatal bagi hewan divaksinasi, biasanya terjadi dalam waktu 7 sampai 10 hari dari saat gejala awal dimulai.\r\nJika diagnosis rabies dikonfirmasi anda akan perlu untuk melaporkan kasus ini ke departemen kesehatan setempat. \r\nAnjing yang tidak divaksinasi yang tergigit atau terkena hewan rabies dikenal harus dikarantina selama enam bulan, atau sesuai dengan peraturan daerah dan negara. Sebuah hewan divaksinasi yang telah digigit atau dicakar manusia, sebaliknya, harus dikarantina dan dipantau selama 10 hari.\r\n\r\n- Managemen:\r\n\r\nSteril tempat anjing yang  telah terinfeksi dengan menggunakan pemutih baju perbandingan 1:32 untuk segera menonaktifkan virus.\r\n \r\n- Pencegahan:\r\n\r\nJangan biarkan diri anda untuk kontak dengan air liur anjing.\r\nAir liur Anjing dapat masuk ke dalam kulit anda melalui luka dan risiko tertular virus.\r\n\r\n', 'images/dog-rabies.jpg'),
(5, '2', 'Flu Kucing', 'Flu kucing dapat terjadi karena tertular kucing lain, faktor cuaca, kehujanan, dan karena kekebalan tubuhnya yang menurun. \r\n\r\n- Gejalanya hampir sama dengan flu manusia yaitu pilek dan bersin-bersin. Memang tidak menyebabkan kematian pada kucing dewasa, tetapi bisa fatal jika menyerang anak kucing.\r\n\r\n- Pencegahannya, anda bisa segera mengeringkan bulu si kucing jika basah karena kehujanan atau karena bermain air. Jika anak kucing anda terkena flu, periksakan segera ke dokter hewan terdekat.', 'images/cat-flu.jpg'),
(6, '2', 'Sakit tulang belakang', 'Bisa terjadi akibat dipukul orang atau jatuh dari ketinggian. \r\n\r\n- Ciri-ciri yang mungkin bisa dideteksi adalah si kucing gemetaran ketika hendak berdiri dari tidurannya. Si kucing enggan dipegang punggungnya. Tidak ada luka di kaki, tetapi jalannya pincang. Dan sering kehilangan keseimbangan saat berjalan ataupun berdiri.\r\n\r\n- Pengobatannya, anda bisa mengoleskan balsem untuk keseleo yang mungkin biasa digunakan oleh manusia.\r\n', 'images/cat-tulang.jpg'),
(7, '3', 'Rontok Bulu', 'Hamster juga bisa mengalami rontok bulu. Rontok bulu disebabkan oleh kekurangan vitamin, karena akan memasuki usia dewasa, dan serangan penyakit (kutu). Saat akan memasuki usia dewasa, bulu yang rontok biasanya hanya sebagian. Sementara itu, jika diserang penyakit, seluruh bulu hamster bisa rontok.\r\n\r\na. Rontok Bulu Akibat Kekurangan Vitamin\r\n\r\nMemberi pakan tanpa memerhatikan keseimbangan gizi dapat menyebabkan rontok bulu pada hamster. Misalnya, hanya memberi pakan biji-bijian dan tidak memberikan sayur dan vitamin. Untuk mencegahnya, pastikan asupan sayur dan vitamin diberikan secara rutin.\r\n\r\nb. Rontok Bulu Akibat Serangan Kutu\r\n\r\nSerangan kutu yang parah dapat menyebabkan rontok bulu pada hamster. Biasanya, terlihat botak di bagian punggung hamster. Untukmengatasinya, berikan obat antikutu sesuai dengan aturan yang tertera di kemasan. Selain itu, ganti alas kandang secara rutin agar tidak menjadi sumber penyakit. Jangan lupa untuk memisahkan hamster yang terkena kutu dan hamster yang lain.', 'images/hamster-rontok.jpg'),
(8, '3', 'Diarrhoea', 'Hamster Diarrhoea merupakan hasil dari pemberian makanan yang tidak benar dan terkadang kombinasi yang salah pada makanan basah dan kering. makanan yang busuk atau minuman yang kotor juga pemberian makan sayur-sayuran yang berlebihan juga menjadi penyebab. gejala Hamster Diarrhoea terlihat dari kotorannya (feces) yang berwarna hijau, encer, dan dalam jumlah yang banyak. jika hamster anda menderita diare, segera singkirkan semua makanan basah yang ada dan beri makan roti kering dan nasi matang. pemberian minuman teh chamomile juga disarankan. kemudian bersihkan kandang dari kotoran hamster 2 kali sehari. setelah hamster lebih baik, segera disinfek kandang hamsternya.', 'images/hamster-diarhea.jpg'),
(9, '4', 'Jamur Saprolegina', 'Tanda utama bahwa seekor ikan koi terinfeksi penyakit ini adalah terdapatnya serabut mirip kapas yang berwaran kehijauan. Serabut ini disebabkan oleh adanya ganggang / alga pada air kolam\r\n \r\nCara mengobati:\r\nMasukkan ke dalam air kolam larutan 2 sendok makan abate ditambah dengan 4 sendok makan garam dapur untuk kolam yang berukuran 2 x 3. Ulangi hingga 3 - 4 kali sampai serabut yang terdapat pada tubuh ikan koi tersebut hilang', 'images/koi-jamur.jpg'),
(10, '4', 'Kolumnaris', 'Penyakit yang disebabkan oleh bakteri Fexibacter Columnaris ini membuat mulut koi menjadi tampak putih. Penyakit ini terkenal cepat sekali emnular ke koi sehat lainnya\r\n \r\nCara mengobati:\r\nPisahkan koi yang telah terinfeksi penyakit ini. Letakkan koi pada kolam yang berisi air bersih dan taburi garam sebanyak 10% dari jumlah volume air. Sterilkan peralatn yang digunakan dengan larutan Fenoksietanol atau bisa juga menggunakan Nifuropirinol', 'images/koi-kolumnaris.jpg'),
(11, '5', 'Kanker Trichomoniasis', 'Penyebab :\r\n\r\nPenyakit ini paling umum terjadi pada burung merpati, dan disebabkan oleh protozoa mikroskopik yang aktif bergerak. Penularannya dimulai dari satu burung ke burung lain melalui air minum. Bahkan induk merpati bisa menginfeksi anak-anaknya saat melolohkan makanan.\r\n\r\nGejala :\r\n\r\nBurung yang terinfeksi akan terlihat tidak aktif seperti biasanya, kehilangan berat badan, bulu-bulunya seperti sobek atau terkoyak, diare, dan sering minum.\r\n\r\nSelain itu, ada endapan berwarna kekuningan di mulut atau tenggorokannya (lihat gambar). Burung yang masih muda sangat rentan terhadap penyakit ini.\r\n\r\nPencegahan :\r\n\r\nMenjaga kebersihan kandang, termasuk wadah pakan dan wadah air minum secara teratur. Selain itu, makanan dan air minum harus selalu dijaga higienitasnya. Jika menjumpai burung yang sakit, segera diisolasi dan disembuhkan terlebih dulu di kandang karantina.\r\n\r\nSetiap kali membeli burung merpati, biasakan tidak langsung mencampurkannya dengan burung yang sudah lama dipelihara. Amati dan isolasikan dulu merpati yang baru dibeli tersebut, minimal selama 1 minggu. Setelah terlihat benar-benar sehat, baru boleh disatukan dengan burung lainnya.', 'images/pigeon-kanker.jpg'),
(12, '5', 'Koksidiosis', 'Penyebab :\r\n\r\nKoksidiosis merupakan penyakit yang sangat menular dan disebabkan bakteri yang menginfeksi usus burung. Burung muda sangat rentan tertular penyakit ini, sehingga akan mengalami stres yang terlihat dari penurunan nafsu makan dan minum.\r\n\r\nGejala :\r\n\r\nBurung yang terinfeksi mengalami penurunan nafsu makan secara drastis, bahkan ada yang sama sekali tak pernah / sedikit menyentuh makanan dan minumannya. Matanya sering menutup. kotorannya berwarna hijau dan bercampur air, serta bobot badannya akan merosot taham. Dalam beberapa kondisi, penyakit ini bisa menyebabkan kematian pada burung muda.\r\n\r\nPencegahan :\r\n\r\nSelalu membersihkan kandang  setiap hari, dan jangan biarkan pakan bercampur dengan kotoran burung. Jauhkan pakan dari binatang pengerat seperti tikus.', 'images/pigeon-koksidiosis.jpg'),
(13, '2', 'Ringworm', 'Ringworm disebabkan oleh jamur yang hidup di kulit dan bulu. Ada beberapa spesies jamur yang hidup di kulit dan bulu, salah satu spesies yang cukup bandel dan sering menyerang kucing & anjing adalah Microsporum canis.\r\n\r\nTanda-tanda hewan terserang ringworm adalah bulu rontok dan patah-patah, kadang disertai sisa-sisa kulit kering yang menyerupai ketombe. Kulit kering yang mengelupas kadang menyerupai sisik. Daerah kerontokan bulu biasanya berbentuk lingkaran (circular). Kadang kadang hewan yang terserang hanya mengalami sedikit kerontokan/bulu patah dibagian wajah dan telinga. Biasanya puncak kerontokan pada kucing terlihat dalam waktu 5 minggu sejak kontak dengan M. canis.\r\n\r\nPenyembuhan :\r\nCara menghilangkan jamur penyebab ringworm dari tubuh kucing yang paling baik adalah dengan kombinasi 2 cara pengobatan,  yaitu pengobatan secara topikal (pengobatan luar : salep, obat gosok, shampoo) dan obat oral (makan). Salep, spraydan obat gosok bisa digunakan untuk menyembuhkan ringworm yang terlokalisasi (terpusat). Sedangkan untuk membasmi spora dan ringworm yang luas daerahnya atau carrier, sebaiknya ditambah dengan penggunaan shampoo anti jamur dan atau dip (larutan untuk dicelupkan).', 'images/cat-ringworm.jpg'),
(14, '2', 'Cacingan', 'Cacing merupakan parasit yang sering menyerang kucing. Sebagian kucing yang terinfeksi cacing biasanya tidak memperlihatkan gejala. Gejala yang sering muncul pada kucing yang terinfeksi cacing adalah banyak makan tapi kurus atau perutnya membuncit dan diare berkepanjangan. Gejala lainnya adalah keluarnya cacing berbentuk pita atau lidi di muntah kucing atau kotorannya.\r\n\r\nCara penangannanya yaitu :\r\n\r\n1. Dengan cara memandikan kucing menggunakan air bersih dan sampo anti kutu, usahakan kucing mandi 1 bulan 2 kali agar kutu dapat mati dan hilang dari badan kucing.\r\n\r\n2. Dengan cara memberi obat cacing kepada kucing (COMBANTRIN ) agar dapat mengurangi cacing dan membasmi telur cacing yang berada di dalam tubuh kucing.\r\n\r\n3. Kucing tidak boleh bermain dengan kucing lain yang terinfeksi cacing karena dapat tertular.\r\n\r\n4. Kucing juga tidak boleh bermain di rerumputan atau di lumpur yang lembab, karena di tempat yang kotor terdapat banyak cacing.\r\n\r\n5. Usahakan sering mengganti pasir untuk kucing membuang kotoran, karena jika terlalu lama tidak diganti pasir akan menjadi sarang cacing tersebut.\r\n\r\n6. Jika usaha yang kita lakukan tidak meembawakan hasil, maka segera bawa kucing anda ke dokter hewan.', 'images/cat-cacingan.jpg'),
(15, '2', 'Jamur Cryptococcus', 'jamur ini berukuran sangat kecil dan tidak terlihat mata telanjang, tetapi koloni yang berkembang biasanya terlihat seperti lapisan berwarna krem-coklat dan berlendir. Kapang C. neoformans berada dimana-mana, biasanya tumbuh dan berkembang di kotoran burung dan tumbuhan yang membusuk. C. neoformans sering menyerang pada kucing, terutama saluran pernafasannya. Penyebaran dimulai dari hidung, melalui aliran darah dapat menyebar ke otak, mata dan paru-paru. Tetapi umumnya menyerang bagian hidung, tenggorokan, jaringan wajah, mata dan otak.\r\nKucing yang terkena biasanya mengalami pembengkakan hidung, pilek berat, luka pada hidung yang bengkak, suara nafas berat, kadang-kadang disertai demam, pengelupasan kulit di sekitar wajah dan kepala, pembengkakan kelenjar getah bening,gangguan syaraf dan mata.Segera periksakan kucing anda ke dokter hewan terdekat, informasikan pula pada dokter hewan tersebut kemungkinan terkena penyakit jamur C. neoformans ini. Dokter hewan anda akan memberikan obat yang sesuai.', 'images/cat-cryptococcosis.JPG');

-- --------------------------------------------------------

--
-- Table structure for table `perawatan`
--

CREATE TABLE IF NOT EXISTS `perawatan` (
  `ID` int(11) NOT NULL AUTO_INCREMENT,
  `ID_HEWAN` varchar(11) NOT NULL,
  `NAMA` varchar(20) NOT NULL,
  `DESKRIPSI` text NOT NULL,
  `PHOTO` varchar(50) NOT NULL,
  PRIMARY KEY (`ID`)
) ENGINE=InnoDB  DEFAULT CHARSET=latin1 AUTO_INCREMENT=19 ;

--
-- Dumping data for table `perawatan`
--

INSERT INTO `perawatan` (`ID`, `ID_HEWAN`, `NAMA`, `DESKRIPSI`, `PHOTO`) VALUES
(1, '1', 'Memandikan', 'Cara Memandikan\r\n1. Persiapkan semua kebutuhan perlengkapan mandi sebelum anda memulai : Handuk, Shampoo, Conditioner, Sisir dan perlengkapan lain-lainnya yang kira-kira akan dibutuhkan.\r\n2. Sisirlah bulu-bulu anjing agar bulu-bulu tua dan kusut terlepas. Jika kelihatan ada kutu atau pinjal yang menempel segera ambil menggunakan pinset.\r\n3. Basahi atau siram bulu-bulu anjing dengan air hangat secara merata. Lipat kedua telinga ke bawah saat menyiram bagian kepala agar air tidak masuk ke dalam telinganya.\r\n4. Usapkan sampo sedikit demi sedikit dari kepala sampai ekor dan gosok menggunakan washlap hingga berbusa. Kemudian menggunakan sikat nandi, sikatlah bulu-bulu anjing berlawanan arah tumbuhnya agar kulit dan bulu tercuci sempurna. Lakukan hal ini dengan hati-hati agar busa sampo tidak mengenai mata anjing.\r\n5. Setelah itu, bilas dengan ait hangat sampai busa sampo tak tersisa, jika dirasakan bulu masih kotor anjing bisa diberi sampo lagi dan dibilas sampai bersih dan benar.\r\n6.Keringkan bulu-bulu anjing menggunakan handuk jika handuk sudah basah dan bulu masih basah, gunakan handuk lainnya yang masih kering. Pastikan bulu-bulu anjing kering dengan benar.\r\n7. Pengeringan selanjutnya menggunakan hairdryer dengan tingkat panas yang sedang. Saat dikeringkan tersebut sisirlah bulu anjing dengan arah berlawanan tumbuhnya, sehingga bulu anjing kering tetapi tidak kusut.', 'images/dog-bath.jpg'),
(2, '1', 'Pilihan Makanan', 'Cara Memilih Makanan\r\n1. Lihat ingredients atau kandungan di kemasan dog food, Pertama lihat kandungan proteinnya, pilih sesuai keaktifan anjing anda, jika anjing anda anjing pekerja yang bekerja setiap hari, latihan setiap hari, maka cari yang diatas 25 %, jika hanya dikandang atau dirumah, jarang keluar rumah, beri yang protein 22 %.\r\n2. Lihat kandungan fat / lemaknya pilih dalam kisaran 13 - 18 %, lihat apa saja kelebihan lainnya seperti vitamin, mineral, dan lain-lain.\r\n3. Cari dog food yang mempunyai reputasi yang baik dan serta mudah untuk didapatkan. Anjing adalah anggota keluarga kita, upayakan jangan memberikan dog food atau makanan anjing yang berkualitas buruk karena akan mempengaruhi kesehatan hewan kesayangan kita.\r\n4. Setelah membelinya, lihat apakah cocok pada anjing anda, biasanya terlihat setelah pemakaian setengah bulan, perhatikan apa ada masalah kulit, kotorannya bagus (tidak lembek),  bila cocok, tidak ada keluhan bisa dilanjutkan. Jangan lupa melihat masa kadaluarsa Dog food, pilih yang jauh dari tanggal kadaluarsa yang tertulis.\r\n5. Lebih baik tidak ganti - ganti dog food jika sudah cocok, jangan mengikuti kemauan anjing anda, bila dia bosan dengan dog foodnya, karena anda lah  boss-nya, bukan dia, jadi dia harus tetap makan dog food itu.\r\n6.Perhatikan juga jenis anjing kita apakah anjing ras besar atau kecil karena akan mempengaruhi ukuran butiran dog food atau makanan anjing yang dikonsumsi.\r\n7. Perhatikan juga apakah anjing kita masih kategori anakan / puppy atau sudah dewasa karena ini juga mempengaruhi pemilihan dog food atau makanan anjing tersebut.\r\n8. Apabila anjing kita jenis ras kecil dan makannya sedikit, beli lah kemasan yang tidak terlalu besar, hal ini untuk menjaga kualitas dog food atau makanan anjing tersebut agar tidak terlalu lama habis yang nantinya akan mempengaruhi kualitas dog food tersebut.', 'images/dog-food.png'),
(3, '1', 'Pemotongan Kuku', '1.  Potong kuku pada bagian teratas dari posisi kuku yang menurun. Posisi ini paling aman untuk terhindar dari pembuluh darah terpotong.\r\n2. Jika bagian atas kuku sudah terlihat putih maka pemotongan kuku sudah harus dihentikan karena itu adalah batas akhir antara kuku dengan pembuluh darah.\r\n3. Anda juga dapat mengetahui batas akhir antara kuku dan pembuluh darah dengan menekan menggunakan kuku anda. Jika anjing merasa kesakitan berarti batas tersebut sudah tipis atau sudah dekat.\r\n4. Anjing dibaringkan, bagian kepala ditahan oleh tangan kiri anda sambil memegang kaki yang akan dipotong kukunya.\r\n5.  Untuk memotong kuku dikaki sebelah kiri sebaiknya anjing diposisikan miring. Mungkin anda memerlukan bantuan seseorang untuk memegang posisi belakang tubuh anjing sambil mengelus-elus bagian tubuh sekitar leher agar anjing dapat lebih tenang.\r\n\r\nNB :\r\n- Bagaimana Jika Pembuluh Darah Terpotong?\r\na. Pertama, jangan khawatir karena pembuluh darah tersebut cepat menutup. Tanpa diberi obatpun, pendarahan akan berhenti dengan sendirinya dalam waktu kurang lebih 5 menit.\r\nb. Dipasaran sudah banyak dijual obat penghenti pendarahan, ada yang berupa serbuk dan ada juga yang berupa kertas kapas dengan cairan obat penghenti pendarahan. Jika anda tidak sempat membeli, anda dapat menggunakan abu rokok atau bubuk kopi untuk ditempel pada kuku yang berdarah sambil ditekan dengan jari anda. Jadi, pendarahan pada kuku mudah dihentikan walaupun tanpa bantuan obat-obatan. Gunakan jari anda atau bisa juga dengan menggunakan kapas untuk menekan bagian kuku yang mengeluarkan darah selama kurang lebih 5 menit. Jangan menggunakan kertas tisu karena kertas ini dapat menyerap cairan sehingga pendarahan susah dihentikan.', 'images/dog-cut.jpg'),
(4, '1', 'Menghilangkan Kutu', '1. Shampoo anti kutu\r\nShampoo anti kutu cocok digunakan pada anak anjing. Selain dapat membasmi kutu/pinjal, shampoo anti kutu juga membuat anjing lebih bersih. Agar anjing dapat terbebas dari kutu, pada saat memandikan, sebaiknya shampoo digunakan dua kali, dan diulang dua minggu kemudian. Setelah itu, untuk tujuan pencegahan, pemberian shampoo dapat dilakukan 1 bulan sekali.\r\n\r\n2. Obat tetes dan spray\r\nAda banyak obat tetes dan spray anti kutu yang dijual di toko-toko hewan peliharaanl. Pilihlah obat tetes yang ampuh membunuh kutu sampai telurnya. Obat ini  dianjurkan untuk tidak  digunakan pada hewan yang berumur di bawah 2 bulan. Cara pakainya adalah dengan diteteskan di kulit pangkal kepala bagian belakang atau tengkuk, dan tempat-tempat lain yang tidak bisa dijilat sendiri oleh anjing.  Agar tuntas, sebaiknya diulangi 2-3 minggu kemudian. Dosisnya sesuai dengan berat badan anjing. Biasanya pemberian obat ini dilakukan setelah pembersihan dulu dengan shampoo kutu.\r\n\r\n3. Suntikan Ivermectin\r\nBanyak orang salah kaprah menyebut suntikan ivermectin adalah suntikan anti jamur. Sebenarnya, Ivermectin tidak dapat membasmi jamur, tetapi untuk membasmi cacing dan ektoparasit seperti kutu (pinjal, caplak dan tungau). Injeksi Ivermectin harus dilakukan dengan hati-hati pada hewan yang berumur kurang dari 4 bulan. Suntikan Ivermectin tidak dianjurkan pada hewan yang berumur kurang dari 2 bulan, karena dapat menyebabkan keracunan dan mengganggu perkembangan ginjal.\r\n\r\n4. Bedak anti-kutu\r\nSebaiknya digunakan sebelum waktu tidur. Bila ada sisa bedak yang menempel atau jatuh di daerah tempat tidurnya, dibiarkan saja, karena bisa sekaligus sebagai langkah preventif untuk mencegah kutu bersarang di tempat tidur hewan. Ulangi selama beberapa hari secara terus menerus. Selanjutnya, ulangi setiap satu kali seminggu, atau bisa juga dua minggu sekali.', 'images/dog-kutu.jpg'),
(5, '2', 'Memandikan', '1. Bersihkan telinga kucing dengan cootonbuds dan baby oil, lakukan perlahan & jangan terlalu dalam agar tidak mengenai gendang teinga kucing.\r\n2. Potong kuku kucing, jangan terlalu pendek & cukup pada bagian bening kuku. Hal ini dilakukan juga untuk menjaga keselamatan kita dari cakaran kucing apabila kucing berontak pada saat dimandikan.\r\n3. Periksa bagian-bagian yang sakit di seluruh tubuh. Jamur biasanya menyerang bagian dagu, ketiak, lipatan paha, telapak kaki, ekor dan pangkal ekor. Tungau Scabies paling sering menyerang bagian telinga luar dan ujung-ujung telingan bagian dalam. Kutu pinjal  sering menyerang bagian atas kepala, dagu, ketiak dan lipatan paha. Ingat-ingatlah bagian yang sakit tersebut, karena harus terkena shampoo dan disikat pada saat dimandikan.\r\n4. Tutup teling kucing dengan kapas kecil agar tidak kemasukan air saat dimandikan.\r\n5. Mandikan kucing dengan air hangat yang sudah disiapkan. Lakukan dengan perlahan agar kucing tidak terkejut. Siram bagian tengkuk sampai bagian ekor. Pastikan air membasahi seluruh bulu sampai ke kulit. Pengobatan tidak akan efektif bila air dan shampoo tidak mencapai kulit.\r\n6. Ratakan shampoo ke seluruh tubuh sambil dipijat/disisir menggunakan jari. Hati-hati pada saat memberikan shampoo pada daerah sekitar mata dan hidung (wajah). Usahakan shampoo tidak masuk ke mata. Untuk membersihkan kaki kucing, gunakan sikat lembut & lakukan dengan perlahan.\r\n7. Setelah merata, sikat  dan bersihkan bagian-bagian yang sakit dengan sikat gigi. Hati-hati bila menyikat bagian yang luka. Pastikan shampoo berada di tubuh selama 5-7 menit agar kutu, jamur dan bakteri  penyebab penyakit mati terkena shampoo obat.\r\n8. Bilas seluruh tubuh kucing dengan air hangat hingga bersih.\r\n9. Keringkan kucing dengan handuk, kemudian keringkan kucing dengan blower/hair dryer sambil disisir. Penyisiran bertujuan menghilangkan rambut yang rontok dan mempercepat pengeringan rambut. Pastikan bulu dan seluruh tubuh kucing kering sampai ke kulit, terutama di daerah dengan bulu tebal dan yang agak sulit seperti daerah perut, kaki belakang, daerah diantara kaki belakang, pangkal ekor dan telapak kaki. (Pengeringan yang tidak sempurna akan menciptakan lingkungan dan kelembaban yang cocok bagi tumbuhnya jamur.)\r\n10. Setelah bulu kering dengan merata, taburi bulu dengan bedak bayi/bedak khusus kucing hingga merata sambil disisir ulang.\r\n11. Terakhir, semprotkan parfum khusus kucing secukupnya (bila diperlukan).', 'images/cat-bath.jpg'),
(6, '2', 'Piliham Makanan', '1. Pilih makanan yg tidak mengandung pewarna makanan. Biasanya makanan kucing warna-warni (dalam satu bungkus) memliki kandungan pewarna. Makanan yang tidak mengandung pewarna makanan biasanya memiliki warna coklat tua dengan aroma yang sedap. Pewarna makanan juga tidak di serap dengan baik oleh tubuh kucing, yang membuat poop kucing jadi berwarna kehijauan, bau, bahkan mencret/lembek. \r\n2. Periksa kandungan nutrisi/bahan yang terdapat di dalam makanan kucing yang akan kita beli. Makanan kucing berkualitas tinggi juga memiliki bahan utamanya ayam/lamb/ikan, bukan air/grain/nasi. Karena pada dasarnya, kucing termasuk dalam golongan karnivora murni, sehingga tidak memerlukan banyak serat dalam makanannya dan tidak butuh banyak karbohidrat atau malah jelly. Hindari makanan yang mengandung kadar "ash" tinggi, sebab bisa menyebabkan penyakit ginjal jangka panjang pada kucing. Jangan juga pilih yang bahannya "by product". "by-products" artinya sisa-sisa dari produk olahan. Contoh "chicken by-products" berarti makanan ini terbuat dr bagian2 selain daging yakni tulang, jeroan, paruh, jengger, ceker, atau bulu. \r\n3. Setelah mengecheck ingredient (bahan) dan nutrisi, pilih makanan kucing yang memiliki protein paling tinggi. Semakin tinggi kandungan proteinnya, semakin bagus untuk tubuh kucing. Makanan yang memiliki kandungan karbohidrat tinggi bisa menyebabkan kucing terkena obesitas. Kucing yang makan makanan dengan protein tinggi bisa tumbuh lebih besar, kekar, beberapa gendut, tp bukan gendut air. Makanan by product biasanya bikin kucing jadi gendut air, artinya gendut yg kalau kita pegang perutnya agak lembek berlemak & kurang berotot (sekel/ototnya kurang kencang).  \r\n4. Pilih makanan dari jenis premium, super premium & ultra premium. Makanan jenis premium, super premium dan ultra premium memiliki kandungan protein yang tinggi dan beberapa produk ini memiliki kegunaan yang berbeda-beda juga kandungan yang berbeda-beda. Contohnya seperti Royal Canin outdoor untuk kucing yang biasa berkeliaran di luar rumah, tentunya memiliki kandungan yang berbeda dengan Royal Canin kitten 36 atau bahkan makanan super premium seperti Ciclos dan NutriSource. Contoh: Makanan Premium: Royal Canin, ProPlan; SuperPremium: Meracat NutriSource. Di petshop lebih banyak di jual makanan premium dan super premium. Setahu Tammy sih, makanan ultra premium kucing belum masuk di indonesia, kalau pun ada masih jarang pemasarannya. Jauh lebih umum dan lebih mudah di cari makanan premium dan super premium.\r\n5. Jauh lebih baik lagi, kalau bisa menyelingi makanan dengan makanan yg di racik sendiri. Makanan basah atau kaleng lebih baik daripada makanan kering, karena jarang ada kucing yang terlalu sering minum. Makanan basah bisa di racik sendiri dengan campuran nasi+daging rebus (campuran ayam/sapi & ikan). Kucing bisa beresiko terkena sakit ginjal jika terlalu sering makan makanan yang kering tanpa banyak minum, karena makanan kering memiliki kandung air yang sangat rendah. Tips meracik makanan kucing dari Drh.Rina: Nasi di campur dengan ikan rebus/kukus (tanpa bumbu), dikasih setidaknya sehari sekali untuk kucing yang jarang minum. Racikan tadi, kata Drh.Rina (Serang) bisa membantu mencegah kucing terkena penyakit ginjal loh... Walaupun ada beberapa makanan yang bisa membantu mencegah penyakit ginjal, tapi kita harus melihat dulu seberapa sering kucing kita minum.', 'images/cat-food.jpg'),
(7, '2', 'Pemotongan Kuku', '1. Tekan telapak kaki kucing agar kuku muncul\r\n2. Perhatikan batas kuku dengan daging di bawahnya (quick). Potong kuku dengan jarak sekitar 1 mm dari quick. Bila terlalu dekat, kucing akan terasa sakit.\r\nYang perlu diutamakan adalah posisi alat pemotong dengan kuku.  Alat2 pemotong berbeza cara penggunaannya. Prinsipnya kuku dipotong dari bawah ke atas (vertikal), bukan dari sudut sisi. Kemungkinan kuku pecah akan semakin besar bila dipotong dari sudut sisi.\r\n3. Potong kuku satu persatu dengan hati-hati. Jangan lupa memotong kuku “jempol”. Kukunya terletak lebih dekat pergelangan. Kuku “jempol” paling jarang dipakai menggaruk, sehingga biasanya lebih panjang dibandingkan kuku lainnya. Pada beberapa kasus yang kukunya jarang sekali dipotong, kuku “jempol” ini tumbuh melingkar dan menusuk kaki.\r\n4. Normalnya kaki depan mempunyai 5 kuku dan 4 kuku pada kaki belakang. Beberapa kucing mempunyai jumlah jari yang berlebih yang disebut polidactyl. Kucing polidactyl bisa mempunyai 6 jari pada kaki depan.\r\n5. Potong kuku dengan jarak agak jauh dari quick (+ 1 mm). Lebih baik memotong kuku sedikit-sedikit tetapi lebih sering dilakukan (1 atau 2 minggu sekali). Dari pada jarang, tetapi sekalinya dipotong, kuku dipotong pendek sekali hingga ke dekat quick.', 'images/cat-cut.jpg'),
(8, '2', 'Menghilangkan Kutu', '1. Mandi dengan Shampoo anti jamur\r\nCara ini merupakan cara yang paling berkhasiat, kenapa ? karena dengan mandi , kutu dapat di basmi hingga telur telurnya . Langkah2 nya siapkan shampoo anti jamur ( khusus ) . Biasanya tersedia di petshop. Kemudian kita mandikan kucing dan berikan shampoo lalu ratakan keseluruh tubuh kucing. Biasanya tempat tempat bersarangnya kutu pada bagian lipatan kulit pada kucing. Ketika kucing dimandikan , biasanya sikutu ini akan lari berkumpul dibagian muka kucing, jadi di urutan menggosoknya dari ujung ekor hingga kedepan.\r\n2. Kalung anti kutu \r\nterapi kutu ini berbentuk kalung, yang dipasangkan dileher kucing\r\n3. Obat alami anti kutu\r\nUntuk pengobatan secara alami bisa dengan cara mengoleskan minyak tawon, minyak telon atau dengan minyak kayu putih ke bagian2 yang sering menjadi tempat berkumpulnya kutu ( daerah ketiak ). Minyak telon adalah bahan penghilang hama yang paling alami dan aman bagi tumbuhan dan binatang. Tentu saja minyak ini aman digunakan untuk kucing yang hamil maupun kitten.\r\n4. Obat tetes\r\nBerbagai macam obat tetes pembasmi kutu kucing tersedia di petshop. Contohnya dari merek revolution .frontline Plus, Frontline Top Spot. Cara pemakaiaanya ditetes kan ke tengkuk kucing yg terserang kutu dan dibaca dlu aturan pemakaiannya \r\n5. Spray Anti kutu dan bedak anti jamur\r\nObat ini berada dalam botol spray semprot dan harus digunakan penuh perhatian. Maksud obat semprot bukan berarti kucing sampai basah kuyup atau lepek disemprot, itu sangat berbahaya. Baca aturan pakai dan cara menyemprot pada kemasan. Jangan menyemprot langsung ke wajah, mata, kemaluan, dan mulut kucing. Untuk kitten tidak di anjurkan ( bahaya kitten suka njilat2 bulunya).', 'images/cat-kutu.jpg'),
(9, '3', 'Memandikan', 'Cara membersihkan (memandikan) hamster dengan air yaitu:\r\n\r\n1. Hamster yang boleh dimandikan hanya yang sudah dewasa (4-5 bulan)\r\n2. Siapkan Babby Shampoo dan air hangat\r\n3. iram hamster (sebentar saja) bagian leher kebawah lalu kucek-kucek biar air merata di tubuh hamster\r\n4. Usapkan shampoo ke tubuh hamster secara merata dan jangan terlalu lama\r\n5. Bilas tubuh hamster dan jangan sisakan shampoo sedikitpun. BAHAYA!!!\r\n6. Keringkan pakai handuk atau tisu, lalu pakai hair dryer dengan setelan panas dan angin yang kecil\r\n7. Siapkan pasir zeolite untuk mengkiatkan bulu hamster.\r\n\r\nTapi cara di atas terlalu beresiko bagi hamster bila anda ragu memandikannya. Dan terdapat cara memandikan hamster tanpa air, yaitu dengan pasir kusus. Sebaiknya anda menggunakan cara di bawah ini untuk memandikan hamster dengan pasir yaitu:\r\n1. Siapkan pasir zeolit atau Bathing Sand dapat di beli di petshop dan pasar hewan. Bathing Sand tersedia berbagai aroma seperti lavender, orange, apple,dll.\r\n2. Tuangkan pasir ke dalam wadah yang digunakan untuk memandikan hamster.\r\n3. Dan tunggu hamster sampai selesai berguling-guling (mandi) di pasir tersebut.\r\n4.. Angkat hamster dari wadah pasir tersebut dan hamster akan wangi.\r\n5. Letakan hamster di kandangnya.', 'images/hamster-bath.jpg'),
(10, '3', 'Pilihan Makanan', 'Beberapa makanan hamster yang bergizi tinggi\r\n1. Telur : merupakan makanan yang bergizi dan mengandung protein tinggi, hamster sangat senang sekali dengan makanan yang satu ini. Telur rebus juga baik diberikan untuk ibu hamster yang sedang hamil dan anak-anak yang masih muda. Tetapi bagaimana pun juga, telur harus diberikan sekali-sekali. Telur yang tidak habis di makan dalam waktu 24 jam setelah diberikan. harus disingkirkan dari kandang agar tidak membusuk di kandang.\r\n2. Minyak Ikan : Kaya akan vitamin A dan D, beberapa tetes minyak ikan dapat diberikan untuk hamster. Pemberian suplemen tersebut dengan cara diteteskan di atas makanan dengan frekuensi pemberian suplemen yang mengandung vitamin tersebut kira-kira sekali dalam seminggu.\r\n3. Daging : Pemberian daging untuk hamster dengan cara dipotong-potong terlebh dahulu, bisa daging sapi atau daging domba ( hindari pemberian daging babi ). Makanan anjing kalengan dapat juga diberikan untuk hamster. Sebenarnya pemberian daging sebagai makanan hamster telah menjadi perdebatan selama bertahun-tahun. Beberapa orang percaya pemberian daging akan mendorong munculnya sifat kanibal di dalam diri hamster. Tetapi, ada beberapa laporan dari para breeders yang memberikan daging secara teratur dan tidak pernah mengalami (mempunyai) hamster yang kanibal.\r\n4. Susu : Merupakan tambahan makanan yang sangat bergizi untuk hamster. Mungkin hal yang membuat susu jarang diberikan utnuk hamster adalah permasalahan dengan tempat atau wadah. Wadah yang kurang bagus gampang sekali goyan sehingga susu menjadi tumpah, kemudian deangan cepat akan menjadi basi. Susu baik diberikan untuk ibu hamster yang sedang mengandung, anak-anak hamster, dan hamster yang sedang sakit. Pastikan untuk mengecek wadah tempat makanan dan segeralah untuk mencuci wadah tersebut sebelum susu menjadi basi .\r\n5. Campuran Makanan Burung : hamster lover dapat mencampur sedikit makanan burung dalam makanan hamster sebagai suplemen. Makanan burung yang dapat dipakai berupa biji-bijian yang dijual untuk burung kenari dan budgerigars. Pemberian bisa dilakukan seminggu sekali dengan takaran untuk satu kali pemberian, kurang lebih sebanyak satu sendok teh penuh.\r\n6. Makanan Monyet : Makanan monyet yang berkualitas telah dikemas dengan banyak nutrisi seperti : jagung, basil gandung, telur, ragi untuk membuat bir, bermacam-macam protein, dll. Seperti treat lain nya, disarankan untuk tidak memberikannya lebih dari seminggu sekali. Seperti treat untuk kucing dan biskuit anjing, makanan monyet juga baik untuk mengasah gigi hamster.\r\n7. Ragi : Ragi merupakan makanan yang kaya akan vitamin B dan bermanfaat untuk susunan syaraf serta berguna untuk mengurangi stress. ( Stress merupakan salah satu penyebab utama yang menyebabkan hamster terkena penyakit, khusus nya wet tail). Pemberian ragi seminggu sekali, sangat baik untuk mencegah banyak penyakit. Berikan sejemput ragi yang bergizi sekali seminggu. (Ragi yang bergizi tidak pahit rasanya dan hamster Anda akan menyukai rasanya). Sebagai alternatif, tablet ragi yang dapat ditemukan di pet shop untuk anjing dan kucing , dapat diberikan seminggu sekali. (Ketika memberikan tablet ragi ini, gunakan tablet ragi yang plain, jangan yang mengandung bawang putih, karena bawang putih terlalu keras bagi ginjal hamster).', 'images/hamster-food.jpg'),
(11, '3', 'Perawatan Bulu', ' Salah satu cara menjaga kesehatan bulu hamster adalah dengan memberikan bedak khusus secara merata ke tubuhnya. Bedak, obat-obatan, serta perlengkapan perawatannya bias diperoleh di petshop.\r\nBerikut cara memberikan bedak kepada hamster.\r\n\r\n1.Taburkan bedak ke punggung hamster.\r\n\r\n2.Ratakan dengan jari tangan hingga ke seluruh bulunya.\r\n\r\n3.Balikkan tubuh hamster agar posisinya terlentang.\r\n\r\n4.Taburkan bedak, lalu ratakan kembali dengan tangan.\r\n\r\n5.Rapikan rambut dengan sisir khusus bulu hamster.\r\n\r\n6.Berikan minyak ikan sebulan sekali.', 'images/hamster-bulu.jpg'),
(12, '3', 'Menghilangkan Kutu', 'Peralatan yang dibutuhkan:\r\n1. Kandang karantina (lebih bagus pake kontener kecil atau ember)\r\n2. Pasir zeolith\r\n3. Bedak DORIS (beli di apotek hrgnya kira2 10rb)\r\n5. Minyak zaitun\r\n4. Tissue (lebih prefer tissue makan krn lebih maksimal menyerap minyak)\r\n\r\nCara treatment-nya:\r\n1. Siapkan kandang karantina, isi dengan pasir dicampur dengan bedak DORIS, perbandingan dikira-kira aja. \r\n2. Taruh minyak zaitun di lepek kecil, krg lebih 1 sendok makan.\r\n3. Siapkan hamster yang akan di-treatment, tenangkan dulu di tangan kita.\r\n4. Olesi minyak ke seluruh badan hamster, dari belakang telinga ke bawah. Hindari bagian muka & jangan sampai masuk ke dlm telinga. \r\n5. Beri perhatian khusus di area lipatan & sela-sela (blkg telinga, kaki) serta bagian pantat si hamster krn biasanya disanalah para kutu kupret bersemayam. \r\n6. Jangan lupa bagian perut & area sekitar kelamin juga diolesi, pokoknya harus rata seluruh badan.\r\n7. Setelah hamster basah kuyup dengan minyak, ambil tissue dan keringkan hamster tapi jangan terlalu kering agar minyak bekerja sempurna membasmi kutu.\r\n8. Masukkan hamster yg setengah kering tadi ke dalam kandang karantina berisi pasir & bedak.\r\n9. Pindahkan kandang ke tempat lain sementara kandang & kamar hamster dibersihkan, jangan lupa beri minum dan makan dalam wadah. \r\n10. Setelah 3 hari, biasanya bulu sudah mulai mengering. Cek lagi apakah masih ada kutu. Bila masih ada ulangi treatment dari awal. Bila sudah bersih dan hamster sudah jarang garuk2 lagi berarti hamster telah sembuh dan bisa dipindahkan ke kandang seperti biasa.', 'images/hamster-kutu.jpg'),
(13, '4', 'Menguras Kolam', '1. Masukan pipa kedalam Bottom Drain terlebih dahulu agar air dalam kolam tidak mengalir ke filter.\r\n2. Kemudian tarik/cabut salah satu pipa yang terdapat diakhir. Contohnya kita tarik/cabut pipa  yang menyambung dari  1, untuk mengalirkan air dan endapan kotoran berasal. \r\n3. Kemudian buka stop kran pembuangan kotoran dan tutup stop kran aliran air ke kolam. Pompa kemudian mengalirkan endapan kotoran dan air kotor ke pembuangan, bila masih ada sisa kotoran yang menempel di dinding atau di media filter dapat disempot dengan air dari sisi atas.\r\n4. Setelah dirasa cukup bersih,  tarik/cabut pipa dari bottom drain (gambar 2) dan tutup salah satu pipa di yang kita cabut tadi. \r\n5. Jangan lupa untuk menutup kembali stop kran pembuangan kotoran dan membuka kembali stop kran air ke kolam.....(berbahaya kalo kelupaan bisa air kolam bisa terkuras habissss....), tambahkan air baru ke dalam filter  terkuras agar volume tinggi  air kembali normal.', 'images/koi-kolam.jpg'),
(14, '4', 'Takaran Makanan', 'Berikut takaran pemberian makanan ke koi anda disesuaikan dengan suhu air :\r\na. < 10 C : Lebih dari sebulan mungkin dapat diberi suplemen yang tinggi karbohidrat, rendah protein.\r\nb. 10 – 13 C : Tinggi karbohidrat, rendah protein.\r\nc. 13 – 15 C : Pelet rendah protein dan sayur.\r\nd. 16 – 18 C : Tambah sedikit kadar protein dalam pelet, variasikan dengan buah dan sayur.\r\ne. 18 – 22 C : Pelet dengan 35% protein. Sayur, buah, plankton untuk variasi.\r\nf. 22 – 26 C : Pelet tinggi protein (35 – 40%) dengan penguat warna.  Tambah pakan alami sebagai suplemen dari waktu ke waktu', 'images/koi-food.jpg'),
(15, '4', 'Karantina Koi', 'Ada kalanya ikan koi anda harus dikarantina, misalkan disebabkan karena terserang penyakit, agar penyakit ikan koi tidak menular pada ikan koi lain, maka dianjurkan dikarantina, proses karantina juga dianjurkan untuk ikan koi yang mengalami stress.\r\n\r\nProses karantina dapat dilakukan dikolam terpisah anda bisa tambahkan garam dan beberapa obat-obatan agar ikan koi segera pulih.\r\n\r\nUntuk proses karantina bisa juga dilakukan dengan menggunakan kantong plastik bening (agar masuk cahaya), ukurannya seukuran kantong sampah dipasaran banyak tersedia, jangan lupa isi dengan air secukupnya dan oksigen, kekuatan karantina dengan kantong sekitar satu hari satu malam, jika ikan koi anda masih perlu di karantina maka ganti air dan oksigen sampai ikan anda pulih.', 'images/koi-karantina.jpg'),
(16, '5', 'Memandikan', 'Memandikan merpati minimal satu minggu sekali. Waktu memandikan sebaiknya juga diperhatikan apakah merpati terserang kutu atau tidak. Jika terserang kutu, saat memandikan bisa menggunakan shampo khusus pembasmi kutu burung yang banyak terjual di pasaran. Setelah dimandikan merpati harus dijemur. Penjemuran sebaiknya tidak sampai lebih dari pukul 11.00.\r\n\r\nMengingat merpati suka mandi maka selain dimandikan burung ini juga bisa dibiarkan mandi sendiri. Beri saja bak-bak mandi baik di luar kandang maupun di dalam (untuk kandang umbaran). Jika bak mandi dibuat semacam kolam sebaiknya tingkat kedalamannya bisa dibuat bertingkat. Ini memberikan alternatif bagi merpati untuk memilih kedalaman yang disukai. Bak mandi apapun yang digunakan sebaiknya minimal dibersihkan setiap dua hari sekali dan lebih baik jika setiap hari. Hal ini dimaksudkan agar air mandi selalu dalam kondisi bersih dan tidak tercemar.\r\n\r\nMerpati yang telah selesai mandi biasa menjemur diri. Untuk merpati yang diletakkan di dalam kandang sebaiknya di lingkungan sekitarnya cukup terkena sinar matahari. Selain itu juga bak mandi sebaiknya tidak permanen sehingga begitu selesai mandi bisa cepat diambil (agar kandang tidak lembab).', 'images/pigeon-bath.jpg'),
(17, '5', 'Pilihan Makanan', 'Makanan yang diperlukan oleh burung datang dari dua sumber, yakni protein dan karbohidrat. Karbohidrat adalah persenyawaan karbon dan hidrogen, seperti pada gula, tepung kanji dan selulose. Protein sendiri merupakan persenyawaan yang mengandung unsur nitrogen, seperti yang ditemukan pada abumin, fibrin, dan caesin yang membentuk jaringan-jaringan pada burung.\r\n\r\nDengan mengetahui komposisinya, kita akan bisa memberikan pakan untuk burung berdasar mutunya dan bukan pada murah dan mahalnya harga. Banyak penghobi burung, termasuk merpati, yang mengorbankan mutu burung mereka dengan memberi pakan yang asal murah.\r\n\r\nSebenarnya mencampur pakan sendiri untuk burung bisa kita lakukan asal kita tahu tentang keperluan burung dan nilai gizi dari biji-bijian dan semua bahan yang kita pakai. Cara ini bahkan lebih baik, sebab kita dapat membuat campuran yang sesuai dengan keperluan burung.\r\n\r\nHal yang perlu diperhatikan Untuk memilih bijian bagi merpati kita, adalah bijian tersebut benar-benar matang pohon dan kering. Penyakit mencret dan penyakit perut lainnya dapat terjadi karena burung memakan bijian yang belum matang. Kita bisa mengetahuinya dengan cara menggigit bijian itu, Biji yang baik akan terasa keras dan bila digigit akan pecah dalam butiran yang keras pula.\r\n\r\nSelain bijian, merpati juga memerlukan grit, yaitu campuran mineral, yang juga diperlukan bagi keberhasilan burung untuk terbang memenangkan pertandingan. Keperluan mineral merpati sangat tinggi. Selain sebagai sumber mineral, grit juga membantu burung menghancurkan bijian yang dimakannya, dan ini ditempatkan di empedal yang merupakan bagian terpenting dari merpati. Makanan dihancurkan di empedal dan di tempat inilah grit berfungsi sebagai alat pembantu. Grit juga membantu perkembangan burung-burung merpati muda, dan juga mencegah keluarnya telur lunak pada merpati yang sedang ditangkarkan.\r\n\r\nMemberikan pakan burung sebaiknya dilakukan dua kali sehari. Jangan sampai kekenyangan dan membuat gemuk, sebab kegemukan akan menyebabkan banyak masalah.\r\n\r\nAir minum memegang pernanan penting. Burung dapat tahan tidak makan untuk beberapa hari tanpa tanda-tanda pengaruh buruk pada kesehatannya. Tetapi kalau burung tidak minum dalam 24 jam boleh jadi ada organ tubuh yang rusak.\r\n\r\nUntuk menjaga kesehatan burung, disarankan mengganti air minumnya dua kali sehari agar burung selalu mendapatkan air yang tidak tercemar.', 'images/pigeon-food.jpg'),
(18, '5', 'Pilihan Kandang', 'Untuk membuat kandang merpati ini, tentu kita perlu menyelaraskannya dengan tempat yang teisedia. Kadang timbul keinginan untuk memelihara sepasang burung saja, dan kita menyediakan kandang yang kita anggap cukup untuk satudua pasang. Tetapi kenyataan yang sering terjadi adalah perkembangbiakan burung berjalan di luar dugaan, sehingga membuat si pemilik kebingungan karena tempat yang dibuat itu ternyata menjadi terlalu kecil. Di sini kita akan dihadapkan pada pilihan apakah kita membuang sebagian burung-burung itu  tidak selamanya kita memelihara untuk keperluan konsumsi atau komersial atau kita harus merogoh saku untuk membesarkan kandang atau menambah kandang baru.\r\n\r\nOleh karena itu, dalam merencanakan pembuatan kandang hendaknya mempertimbangkan kemungkinan timbulnya masalah itu, dan tahu langkahlangkah yang harus diambil kemudian dalam penanggulangannya. Dengan demikian kita perlu menentukan sampai berapa banyak burung burung yang perlu berada dalam kandang yang kita buat, atau berapa besar kandang yang perlu dibuat untuk menampung sejumlah burung yang kita kehendaki.\r\n\r\nMengenai kapasitas kandang ini ada pihak yang berpendapat bahwa untuk menampung sepasang merpati konsumsi atau sepasang merpati hias membutuhkan tempat seluas 50 cm x 50 cm. Ada pihak lain lagi yang memberi contoh, bahwa untuk menampung sekitar 18—25 pasang merpati tergantung dari jenis dan ukuran tubuhnya  kita dapat menyodorkan kandang dengan ukuran panjang 4 m, lebar 2,5—3 rn dan tinggi 1,5—2,5 m. Kandang yang dimaksud berbentuk rumah, yaitu ruangan beratap dan berdinding yang di dalamnya tersedia kotak-kotak sarang untuk berkembang biak, di samping adanya tenggeran-tenggeran khusus bagi merpati.\r\n\r\nKandang semacam ini perlu ditambah dengan kandang terbuka yang semua sisinya dikelilingi kawat, termasuk bagian atas. Kandang terbuka yang menempel pada salah satu sisi kandang tertutup (rumah) itu dapat berukuran sama dengan kandang tertutup. Dalam kandang kawat terbuka inilah burung mempunyai kesempatan beranginangin dan menikmati sinar matahari serta terbang pada udara terbuka di dalam kandang.\r\n\r\nPerlu dicatat, bahwa ada pihak yang menganjurkan agar kandang janganlah terlalu tinggi, sebab kalau tingginya lebih dari 2,5 m maka kita akan mengalami kesulitan dalam menjinakkan burung-burung ini, juga akan menyulitkan bila kita hendak menangkapnya.\r\nUntuk kandang terbuka, hendaknya kawat yang dipergunakan tidak terlalu jarang (berlubang besar).\r\n\r\nMemang, merpati mempunyai ukuran badan yang besar sehingga kawat akan menahannya, tetapi penggunaan kawat yang halus  kawat "ayam"  pantas dipakai. Hal ini bertujuan untuk menahan masuknya burung-burung lain seperti burung gereja ataupun masuknya binatang-binatang pengganggu seperti tikus. Binatang-binatang tak diundang itu dapat menghabiskan  makanan   burung,  di  samping mengganggu dan dapat menimbulkan kejengkelan bagi kita.\r\n\r\nMemberikan fasilitas akomodasi kepada merpati tidaklah harus dalam bentuk serbabaru. Barangbarang bekas dapat dimanfaatkan. Juga ruanganruangan tertentu di rumah yang tidak dipakai lagi dapat dimanfaatkan untuk keperluan itu. Pecinta-pecinta merpati banyak yang mempergunakan garasi atau ruanganruangan rumah lainnya untuk kandang merpati. Namun ada pula pihak yang sengaja membuat bagian loteng rumahnya sebagai tempat pengembangbiakan burung. Dan kayu-kayu bekas dapat dimanrfaatkan untuk mernbuat kandang, kotak sarang atau tempat bertengger. Sudah tentu kita tidak perlu malu untuk memakai kayu bekas peti (dengan kayu murahan).\r\n\r\nPemanfaatan tempat perlu disesuaikan dengan sasaran kita memelihara merpati. Memelihara burung secara sederhana, yaitu dengan membiarkannya secara bebas, adalah paling murah biayanya. Sebab kita hanya pejrlu menyediakan tempat yang minimum bagi burung, yaitu hanya menyediakan tempat bertengger dan berteduh serta kotak sarang urituk berkembang biak.', 'images/pigeon-home.jpg');

/*!40101 SET CHARACTER_SET_CLIENT=@OLD_CHARACTER_SET_CLIENT */;
/*!40101 SET CHARACTER_SET_RESULTS=@OLD_CHARACTER_SET_RESULTS */;
/*!40101 SET COLLATION_CONNECTION=@OLD_COLLATION_CONNECTION */;
